old_name;new_name;Alamat;Kecamatan;Kota;has_shopee;has_gofood;has_grabfood;kawasan;hari_pengiriman
KY007 - Kebuli Yaman Cibubur;KY007 - Kebuli Yaman Cibubur;Jl. Lap. Tembak No. 11B, RT 003 RW 021 Cibubur, Kecamatan Ciracas, Kota Jakarta Timur DKI Jakarta. 13720;Ciracas;Jakarta Timur;Yes;Yes;Yes;2;Selasa dan Jumat
KY009 - Kebuli Yaman Cipinang;KY009 - Kebuli Yaman Cipinang;Jl. Cipinang Jaya Raya No. 31 Cipinang Besar Selatan, Kecamatan Jatinegara, Kota Jakarta Timur. DKI Jakarta. 13410;Jatinegara;Jakarta Timur;Yes;Yes;Yes;2;Selasa dan Jumat
KY023 - Kebuli Yaman Pondok Kelapa;KY023 - Kebuli Yaman Pondok Kelapa;Jl. Raya Pondok Kelapa Blok A12/8D RT.005/011,Malaka Jaya Duren Sawit Jakarta Timur 13460;Duren Sawit;Jakarta Timur;Yes;Yes;Yes;2;Selasa dan Jumat
KY054 - Kebuli Yaman Jagakarsa;KY054 - Kebuli Yaman Jagakarsa;Jl. Moch Khafi II No.4 RT 07 / RT 03, Kel. Cipedak, Kec. Jagakarsa , Kota Jakarta Selatan , Daerah Khusus Ibukota Jakarta 12630;Jagakarsa;Jakarta Selatan;Yes;No;Yes;2;Selasa dan Jumat
KY062 - Kebuli Yaman Kampung Baru;KY062 - Kebuli Yaman Kampung Baru;Jl. Panjang No.4, RT.3/RW.03, Sukabumi Sel., Kec. Kb. Jeruk, Kota Jakarta Barat, Daerah Khusus Ibukota Jakarta 11560;Kebon Jeruk;Jakarta Barat;No;Yes;Yes;2;Selasa dan Jumat
Kebuli Yaman MCC LRT Jakarta;Kebuli Yaman MCC LRT Jakarta;Jl. Pegangsaan Dua, RW.3, Pegangsaan Dua, Kec. Klp. Gading, Jkt Utara, Daerah Khusus Ibukota Jakarta 14250;Kelapa Gading;Jakarta Utara;No;Yes;No;2;Selasa dan Jumat
Kebuli Yaman LRT Velodrome;Kebuli Yaman LRT Velodrome;Jl. Pegangsaan Dua RW 003, Kelurahan Pegangsaan Dua, Kecamatan Kelapa Gading, Jakarta Utara, DKI Jakarta 14250;Kelapa Gading;Jakarta Utara;No;Yes;No;2;Selasa dan Jumat
KY010 - Kebuli Yaman Bogor Ciampea;KY010 - Kebuli Yaman Bogor Ciampea;Jl. Raya Cibanteng Kecamatan Ciampea Jawa Barat. 16620;Ciampea;Jawa Barat;Yes;Yes;Yes;2;Selasa dan Jumat
KY012 - Kebuli Yaman Cibinong;KY012 - Kebuli Yaman Cibinong;Jl. Kol. Edy Yoso Martadipura No.1, RT.05/RW.05, Pakansari, Cibinong, Bogor, Jawa Barat 16915;Cibinong;Bogor;Yes;Yes;Yes;2;Selasa dan Jumat
KY021 - Kebuli Yaman Cikeas;KY021 - Kebuli Yaman Cikeas;Jl. Letda Natsir No.11Cikeas Udik, Kec. Gn. Putri, Bogor, Jawa Barat 16966;Gunung Putri;Bogor;Yes;Yes;Yes;2;Selasa dan Jumat
KY044 - Kebuli Yaman Pahlawan Bogor;KY044 - Kebuli Yaman Pahlawan Bogor;Jl. Pahlawan No.35g, RT.01/RW.10, Kp. Parung Jambu, Bondongan, Kec. Bogor Sel., Kota Bogor, Jawa Barat 16131;Bogor Selatan;Kota Bogor;Yes;Yes;Yes;2;Selasa dan Jumat
KY049 - Kebuli Yaman Bukit Dago;KY049 - Kebuli Yaman Bukit Dago;Ruko Grand, Jl. Bukit Dago Jl. Pendidikan No.1 Blok AA5, Rawakalong, Kec. Gn. Sindur, Kabupaten Bogor, Jawa Barat 16340;Gunung Sindur;Kabupaten Bogor;Yes;Yes;Yes;2;Selasa dan Jumat
KY053 - Kebuli Yaman Cimanggu Bogor;KY053 - Kebuli Yaman Cimanggu Bogor;Jl. Raya Taman Cimanggu No.17, RT.02/RW.02, Kedung Waringin, Kec. Tanah Sereal, Kota Bogor, Jawa Barat 16164 (samping erafone);Tanah Sareal;Kota Bogor;Yes;Yes;Yes;2;Selasa dan Jumat
KY066 - Kebuli Yaman Parung;KY066 - Kebuli Yaman Parung;Jl. H.Mawi, No-1, Warujaya, Kec. Parung, Kab. Bogor, Jawa Barat, 16330;Parung;Kabupaten Bogor;No;Yes;No;2;Selasa dan Jumat
KY067 - Kebuli Yaman Metland;KY067 - Kebuli Yaman Metland;Ruko PTM Metland Transyogi, Jl. Kota Taman Metropolitan No.30, Cileungsi, Kec. Cileungsi, Kabupaten Bogor, Jawa Barat 16820.;Cileungsi;Kabupaten Bogor;No;No;No;2;Selasa dan Jumat
Kebuli Yaman Cilebut;Kebuli Yaman Cilebut;Jl. Pendidikan no 8, Ruko Permata Residence 2 Blok Rk 3 no 17, Cilebut Barat, Kecamatan Sukaraja, Kabupaten Bogor, Jawa Barat 16710;Sukaraja;Kabupaten Bogor;No;No;No;2;Selasa dan Jumat
Kebuli Yaman Sentraland Parung Panjang;Kebuli Yaman Sentraland Parung Panjang;Ruko Sentraland Paradise No. 23, Kabasiran, Kecamatan Parung Panjang, Kabupaten Bogor, Jawa Barat 1636;Parung Panjang;Kabupaten Bogor;No;No;No;2;Selasa dan Jumat
Kebuli Yaman Mayor Oking;Kebuli Yaman Mayor Oking;Jl. Raya Mayor Oking Jaya Atmaja, Cirimekar, Kec. Cibinong, Kabupaten Bogor, Jawa Barat 16917;Cibinong;Kabupaten Bogor;No;Yes;No;2;Selasa dan Jumat
KY004 - Kebuli Yaman Depok Sawangan;KY004 - Kebuli Yaman Depok Sawangan;Jl. Muchtar Raya RT 001 RT 003 No. 35 (Depan Botani Lake) Sawangan Depok Jawa Barat. 16519;Sawangan;Kota Depok;Yes;Yes;Yes;2;Selasa dan Jumat
KY006 - Kebuli Yaman Depok Sentosa;KY006 - Kebuli Yaman Depok Sentosa;Jl. Sentosa Raya No. 22 Mekar Jaya, Kecamatan Sukmajaya, Kota Depok Jawa Barat. 16411;Sukmajaya;Kota Depok;Yes;Yes;Yes;2;Selasa dan Jumat
KY008 - Kebuli Yaman Depok Kelapa Dua;KY008 - Kebuli Yaman Depok Kelapa Dua;Jl. Raya Akses UI No. 67 Tugu, Cimanggis, Kota Depok Jawa Barat. 16451;Cimanggis;Kota Depok;Yes;Yes;Yes;2;Selasa dan Jumat
KY029 - Kebuli Yaman Cinere;KY029 - Kebuli Yaman Cinere;Jl. Cinere Raya No.4 Ruko Blok M, Cinere, Kec. Cinere, Kota Depok, Jawa Barat 16512;Cinere;Kota Depok;Yes;Yes;Yes;2;Selasa dan Jumat
KY001 - Kebuli Yaman Kutabumi (Pusat);KY001 - Kebuli Yaman Kutabumi (Pusat);jl.Raya Regensi II Blok FA 02 No.6 Gelam Jaya , Pasar Kemis;Jatiuwung;Banten;Yes;Yes;Yes;1;Senin dan Kamis
KY019 - Kebuli Yaman Ciledug;KY019 - Kebuli Yaman Ciledug;Jl. KH Hasyim Ashari No.85, RT.004/RW.002, Pinang, Kec. Pinang, Kota Tangerang, Banten 15145;Pinang;Kota Tangerang;Yes;Yes;Yes;2;Selasa dan Jumat
KY022 - Kebuli Yaman Citra Raya;KY022 - Kebuli Yaman Citra Raya;Jl. Citra Raya Boulevard Rukp Melia Street Blok. X01 No.09 Mekar Bakti,Kec. Panongan, Kab.Tangerang, Banten 15710;Panongan;Kabupaten Tangerang;Yes;Yes;Yes;1;Senin dan Kamis
KY026 - Kebuli Yaman Poris;KY026 - Kebuli Yaman Poris;Jl. Ruko Poris Paradise No.27 Blok B11,RT.004/RW.003, Poris Gaga,Kec. Batuceper,Kota Tangerang,Banten 15122;Batuceper;Kota Tangerang;Yes;Yes;Yes;2;Selasa dan Jumat
KY031 - Kebuli Yaman Perum;KY031 - Kebuli Yaman Perum;Jln Prambanan Raya no. 32.Rt 007/ 009, Kel. Cibodas Baru, Kec Cibodas, Perum - Nas II, Kota Tangerang, Banten 15138;Cibodas;Kota Tangerang;Yes;Yes;Yes;2;Selasa dan Jumat
KY032 - Kebuli Yaman Kelapa Dua Karawaci;KY032 - Kebuli Yaman Kelapa Dua Karawaci;Klp. Dua, Kecamatan Kelapa Dua, Kabupaten Tangerang, Banten;Kelapa Dua;Kabupaten Tangerang;Yes;Yes;Yes;2;Selasa dan Jumat
KY038 - Kebuli Yaman Talaga Bestari;KY038 - Kebuli Yaman Talaga Bestari;Perumahan Telaga Bestari, Ruko Portobello Blok G-11 Wana Kerta, Sindang Jaya, Tangerang Regency, Banten 15560;Sindang Jaya;Kabupaten Tangerang;Yes;Yes;Yes;1;Senin dan Kamis
KY041 - Kebuli Yaman Sepatan;KY041 - Kebuli Yaman Sepatan;Sepatan Residence,Blok A.1, Jln.Raya Mauk Km.11.Sepatan Tangerang.15520.;Pasar Kemis;Tangerang;Yes;Yes;Yes;2;Selasa dan Jumat
KY042 - Kebuli Yaman Batavia;KY042 - Kebuli Yaman Batavia;Ruko Grand Batavia Arcade Blok C2 No-17, Sindangsari, Kec. Pasar kemis, Kab. Tangerang, Banten 15560;Pasar Kemis;Kabupaten Tangerang;Yes;Yes;Yes;1;Senin dan Kamis
KY043 - Kebuli Yaman Taman Cibodas;KY043 - Kebuli Yaman Taman Cibodas;Jl. Raya Taman Cibodas Blok A2 No-12B, sangiang jaya, Kec. Priok, Kota Tangerang, Banten 15132;Periuk;Kota Tangerang;Yes;Yes;Yes;2;Selasa dan Jumat
KY045 - Kebuli Yaman Graha Raya;KY045 - Kebuli Yaman Graha Raya;Jl. Graha Raya Bintaro No.37, Parigi Baru, Kec. Pd. Aren, Kota Tangerang Selatan, Banten 15228;Pondok Aren;Kota Tangerang Selatan;Yes;Yes;Yes;2;Selasa dan Jumat
Kebuli Yaman Cadas;Kebuli Yaman Cadas;Jl. Raya Mauk, Karet, Kec. Sepatan, Kabupaten Tangerang, Banten 15520;Sepatan;Kabupaten Tangerang;No;No;Yes;2;Selasa dan Jumat
KY048 - Kebuli Yaman Banjar Wijaya;KY048 - Kebuli Yaman Banjar Wijaya;Ruko Azores, Jl. Banjar Wijaya No.18 Blok B 18A, RT.001/RW.003, Poris Plawad Indah, Kec. Cipondoh, Kota Tangerang, Banten 15142;Cipondoh;Kota Tangerang;Yes;Yes;Yes;2;Selasa dan Jumat
KY050 - Kebuli Yaman TangCity Mall;KY050 - Kebuli Yaman TangCity Mall;Tangerang City Mall Lt. 02 blok D 007, Jalan Jend Sudirman No.1, Babakan, RT.TangerangRT.001/RW.005, BabakanKec, Kec. Tangerang, Kota Tangerang, Banten 15118;Tangerang;Kota Tangerang;No;No;No;2;Selasa dan Jumat
KY056 - Kebuli Yaman Tigaraksa;KY056 - Kebuli Yaman Tigaraksa;Ruko sudirman indah blok F2A no.19 Rt.03 Rw.12 kel.pasir nangka kec.tigaraksa kab.tangerang Banten;Tigaraksa;Kabupaten Tangerang;Yes;Yes;No;1;Senin dan Kamis
KY060 - Kebuli Yaman Pakuhaji;KY060 - Kebuli Yaman Pakuhaji;Jl. Raya Kali Baru No.1-2 , Kramat, Kecamatan Pakuhaji, Kabupaten Tangerang, Banten 15570;Pakuhaji;Kabupaten Tangerang;No;Yes;No;2;Selasa dan Jumat
KY061 - Kebuli Yaman Taman Kirana;KY061 - Kebuli Yaman Taman Kirana;Jl. Taman Kirana Surya No. 5-6, Pasanggrahan, Kec. Solear, Kabupaten Tangerang, Banten 15730;Solear;Kabupaten Tangerang;No;Yes;Yes;1;Senin dan Kamis
KY063 - Kebuli Yaman Kedaung;KY063 - Kebuli Yaman Kedaung;Jl. Raya Gatot Soebroto No.1, RW.2, Jati Mulya, Kec. Sepatan Tim., Kabupaten Tangerang, Banten 15520;Sepatan Timur;Kabupaten Tangerang;No;Yes;Yes;2;Selasa dan Jumat
KY064 - Kebuli Yaman Mutiara Garuda;KY064 - Kebuli Yaman Mutiara Garuda;Ruko Perum Komplek Perumahan Garuda No.8 Blok A1, Kp. Melayu Timur, Kec. Teluknaga, Kabupaten Tangerang, Banten 15510;Teluknaga;Kabupaten Tangerang;No;Yes;Yes;2;Selasa dan Jumat
KY065 - Kebuli Yaman Sangiang;KY065 - Kebuli Yaman Sangiang;Jl. Raya Villa Tangerang Indah No.17 Blok AE1, Gebang Raya, Kec. Periuk, Kota Tangerang, Banten 15132;Periuk;Kota Tangerang;No;Yes;Yes;2;Selasa dan Jumat
TOD M1 Bandara;KY051 - kebuli Yaman TOD M1 Bandara;VJ8M+375, Jl. Marsekal Suryadarma, Selapajang Jaya, Kec. Neglasari, Kota Tangerang, Banten;Neglasari;Kota Tangerang;No;Yes;No;2;Selasa dan Jumat
Kebuli Yaman Balaraja Kresek;Kebuli Yaman Balaraja Kresek;Jl. Raya Kresek No 1-2, Merak, Kec. Sukamulya, Kabupaten Tangerang, Banten 15610;Sukamulya;Kabupaten Tangerang;No;No;No;1;Senin dan Kamis
Kebuli Yaman Bukit Gading Balaraja;Kebuli Yaman Bukit Gading Balaraja;Jl. Bukit Gading Balaraja No. 21-22 Blok O1, Kelurahan Cangkudu, Kecamatan Balaraja, Kabupaten Tangerang, Banten 15610.;Balaraja;Kabupaten Tangerang;No;No;No;1;Senin dan Kamis
KY069 - Kebuli Yaman Bekasi Galaxy;KY011 - Kebuli Yaman Bekasi Galaxy;Jl. Taman Galaxy Raya Blok A No.14, Jaka Setia, Kec. Bekasi Selatan, Kota Bekasi, Jawa Barat 17147.;Bekasi Selatan;Kota Bekasi;No;Yes;No;2;Selasa dan Jumat
KY016 - Kebuli Yaman Jatimakmur;KY016 - Kebuli Yaman Jatimakmur;Ruko Pesona Taman Mini No. 6, Jl. Raya Jati Makmur, Kel. Jati Makmur;Jatiasih;Jawa Barat;Yes;Yes;Yes;2;Selasa dan Jumat
KY027 - Kebuli Yaman Kaliabang;KY027 - Kebuli Yaman Kaliabang;Jl. Lingkar Utara No. 5 Rt/Rw : 01/06 Kel. Kaliabang Tengah Kec. Bekasi Utara Kota Bekasi;Bekasi Utara;Kota Bekasi;Yes;Yes;Yes;2;Selasa dan Jumat
KY033 - Kebuli Yaman Jatiasih;KY033 - Kebuli Yaman Jatiasih;JL. Raya Jati Asih No. 1 B RT.005/004 Jati Rasa, Kec. Jati Asih Kota Bekasi, Jawa Barat 1724;Jatiasih;Kota Bekasi;Yes;Yes;Yes;2;Selasa dan Jumat
KY036 - Kebuli Yaman Kota Harapan Indah;KY036 - Kebuli Yaman Kota Harapan Indah;Kebuli Yaman Kota Harapan Indah;Medansatria;Jawa Barat;Yes;Yes;Yes;2;Selasa dan Jumat
KY037 - Kebuli Yaman Hankam;KY037 - Kebuli Yaman Hankam;Jl. Raya Hankam No.90, RT.002/RW.005, Jatimelati, Kec. Pd. Melati, Kota Bks, Jawa Barat 17415;Pondokmelati;Kota Bekasi;Yes;Yes;No;2;Selasa dan Jumat
KY057 - Kebuli Yaman Rawalumbu (Bekasi);KY057 - Kebuli Yaman Rawalumbu (Bekasi);Jl pramuka No 19 C ,kp Sepatan RT 004/Rw 002 , Kel Sepanjang Jaya , kec Rawalumbu, Bekasi Timur;Rawalumbu;Bekasi;Yes;Yes;No;2;Selasa dan Jumat
Kebuli Yaman Teluk Pucung;Kebuli Yaman Teluk Pucung;Jl. Raya Perjuangan No.1, RT.005/RW.034, Teluk Pucung, Kecamatan Bekasi Utara, Kota Bekasi, Jawa Barat 17121;Bekasi Utara;Kota Bekasi;No;No;No;2;Selasa dan Jumat
Kebuli Yaman Cikarang Pusat;Kebuli Yaman Cikarang Pusat;Jl. Tarum Barat Raya No.11, Cikarang, Kec. Cikarang Pusat, Kabupaten Bekasi, Jawa Barat 17530;Cikarang Pusat;Kabupaten Bekasi;No;No;No;2;Selasa dan Jumat
KY003 - Kebuli Yaman Serang;KY003 - Kebuli Yaman Serang;Jl. Yusuf Martadilaga Serang No.32a, Cipare, Kec. Serang, Kota Serang, Banten 42117;Serang;Kota Serang;Yes;Yes;Yes;1;Senin dan Kamis
KY040 - Kebuli Yaman Anyer;KY040 - Kebuli Yaman Anyer;Jl. Raya Anyer-sirih No.99, Anyar, Kec. Anyar, Kabupaten Serang, Banten 42166;Anyar;Kabupaten Serang;No;Yes;No;1;Senin dan Kamis
KY058 - Kebuli Yaman Cikande;KY058 - Kebuli Yaman Cikande;Jl. Cikande Permai Blok E 1 No 4-5, Situterate, Kec. Cikande, Kabupaten Serang, Banten 42186;Cikande;Kabupaten Serang;No;Yes;Yes;1;Senin dan Kamis
KY068 - Kebuli Yaman Kramatwatu;KY068 - Kebuli Yaman Kramatwatu;Jl. Waringin Kurung No.1, Kramatwatu, Kec. Kramatwatu, Kab. Serang, Banten 42161;Kramatwatu;Kabupaten Serang;Yes;Yes;Yes;1;Senin dan Kamis
KY005 - Kebuli Yaman Pandeglang;KY005 - Kebuli Yaman Pandeglang;Jl. Jenderal Ahmad Yani No. 46 Pandeglang, Kecamatan Pandeglang, Kabupaten Pandeglang Banten. 42211;Pandeglang;Pandeglang;Yes;Yes;No;1;Senin dan Kamis
KY002 - Kebuli Yaman Cilegon;KY002 - Kebuli Yaman Cilegon;Jl. Nuri Raya No. 11 (Bunderan Perumnas Cibeber) Cilegon Banten;Cilegon;Cilegon;Yes;Yes;Yes;1;Senin dan Kamis
KY013 - Kebuli Yaman Cileunyi;KY013 - Kebuli Yaman Cileunyi;Jl. Raya Tagog cinunuk No.200 Desa cimekar Kec. Cileunyi, Bandung Jawa Barat 40623;Cileunyi;Kabupaten Bandung;Yes;Yes;Yes;2;Selasa dan Jumat
KY014 - Kebuli Yaman Ciparay;KY014 - Kebuli Yaman Ciparay;RUKO POINT REGENCY Jl. Raya Laswi, bumi wangi Kec. Ciparay Bandung Jawa Barat 40381;Ciparay;Kabupaten Bandung;Yes;Yes;Yes;2;Selasa dan Jumat
Kebuli Yaman Citayam;Kebuli Yaman Citayam;Pd. Jaya, Kec. Cipayung, Kota Depok, Jawa Barat;Cipayung;Kota Depok;No;Yes;Yes;2;Selasa dan Jumat
Kebuli Yaman Grand Wisata Bekasi;Kebuli Yaman Grand Wisata Bekasi;RT.006/RW.012, Mustikajaya, Kec. Mustika Jaya, Kota Bks, Jawa Barat 17158;Mustika Jaya;Kota Bekasi;No;Yes;No;2;Selasa dan Jumat
Kebuli Yaman Bintara;Kebuli Yaman Bintara;Jl. Bintara No.11, RT.003/RW.013, Bintara, Kec. Bekasi Bar., Kota Bks, Jawa Barat 17134;Bekasi Barat;Kota Bekasi;No;Yes;No;2;Selasa dan Jumat
